{"cameraMode":{"drawMode":0,"name":"Shaded","section":"Shading Mode"},"sceneLighting":false,"audioPlay":false,"sceneViewState":{"showFog":true,"showMaterialUpdate":false,"showSkybox":true,"showFlares":true,"showImageEffects":true,"showParticleSystems":true},"in2DMode":false,"pivot":{"x":0.005323284305632114,"y":0.035991370677948,"z":0.2110878825187683},"rotation":{"x":0.0022108678240329029,"y":0.976129949092865,"z":0.009947170503437519,"w":-0.21694831550121308},"size":1.1608672142028809,"orthographic":false}