{"cameraMode":{"drawMode":0,"name":"Shaded","section":"Shading Mode"},"sceneLighting":false,"audioPlay":false,"sceneViewState":{"showFog":true,"showMaterialUpdate":false,"showSkybox":true,"showFlares":true,"showImageEffects":true,"showParticleSystems":true},"in2DMode":false,"pivot":{"x":1.4372773170471192,"y":4.251921653747559,"z":-7.575728893280029},"rotation":{"x":0.0022108678240329029,"y":0.976129949092865,"z":0.009947170503437519,"w":-0.21694831550121308},"size":2.8578848838806154,"orthographic":false}