{"cameraMode":{"drawMode":0,"name":"Shaded","section":"Shading Mode"},"sceneLighting":false,"audioPlay":false,"sceneViewState":{"showFog":true,"showMaterialUpdate":false,"showSkybox":false,"showFlares":true,"showImageEffects":true,"showParticleSystems":true},"in2DMode":false,"pivot":{"x":5.675858497619629,"y":1.2500609159469605,"z":6.388360977172852},"rotation":{"x":0.029250098392367364,"y":0.5296801924705505,"z":-0.01828150264918804,"w":0.8474958539009094},"size":2.3772127628326418,"orthographic":false}