{"cameraMode":{"drawMode":0,"name":"Shaded","section":"Shading Mode"},"sceneLighting":false,"audioPlay":false,"sceneViewState":{"showFog":true,"showMaterialUpdate":false,"showSkybox":true,"showFlares":true,"showImageEffects":true,"showParticleSystems":true},"in2DMode":false,"pivot":{"x":7.715617656707764,"y":1.2611764669418336,"z":6.220947265625},"rotation":{"x":0.005975589621812105,"y":0.9893319010734558,"z":-0.13922607898712159,"w":0.04246140643954277},"size":1.0051727294921876,"orthographic":false}