{"cameraMode":{"drawMode":0,"name":"Shaded","section":"Shading Mode"},"sceneLighting":false,"audioPlay":false,"sceneViewState":{"showFog":true,"showMaterialUpdate":false,"showSkybox":true,"showFlares":true,"showImageEffects":true,"showParticleSystems":true},"in2DMode":false,"pivot":{"x":-0.030000001192092897,"y":0.5410000085830689,"z":8.100000381469727},"rotation":{"x":-0.06903695315122605,"y":0.9275109171867371,"z":-0.2979370951652527,"w":-0.21492071449756623},"size":0.6044496297836304,"orthographic":false}