{"cameraMode":{"drawMode":0,"name":"Shaded","section":"Shading Mode"},"sceneLighting":false,"audioPlay":false,"sceneViewState":{"showFog":true,"showMaterialUpdate":false,"showSkybox":true,"showFlares":true,"showImageEffects":true,"showParticleSystems":true},"in2DMode":false,"pivot":{"x":-0.3756863474845886,"y":2.1601481437683107,"z":-0.04126584529876709},"rotation":{"x":0.0009753726772032678,"y":0.9989528656005859,"z":-0.025788353756070138,"w":0.03777932748198509},"size":3.6157565116882326,"orthographic":false}