{"cameraMode":{"drawMode":0,"name":"Shaded","section":"Shading Mode"},"sceneLighting":false,"audioPlay":false,"sceneViewState":{"showFog":true,"showMaterialUpdate":false,"showSkybox":true,"showFlares":true,"showImageEffects":true,"showParticleSystems":true},"in2DMode":false,"pivot":{"x":-0.0020412132143974306,"y":0.000564873218536377,"z":0.18342575430870057},"rotation":{"x":0.0033602893818169834,"y":0.996095597743988,"z":-0.04366656765341759,"w":0.07665252685546875},"size":2.4312915802001955,"orthographic":false}