{"cameraMode":{"drawMode":0,"name":"Shaded","section":"Shading Mode"},"sceneLighting":false,"audioPlay":false,"sceneViewState":{"showFog":true,"showMaterialUpdate":false,"showSkybox":false,"showFlares":true,"showImageEffects":true,"showParticleSystems":true},"in2DMode":false,"pivot":{"x":-1.441658616065979,"y":0.9853549003601074,"z":5.787069797515869},"rotation":{"x":-0.005817893892526627,"y":0.9216086864471436,"z":-0.38783055543899538,"w":-0.013825157657265664},"size":2.8578836917877199,"orthographic":false}