{"cameraMode":{"drawMode":0,"name":"Shaded","section":"Shading Mode"},"sceneLighting":false,"audioPlay":false,"sceneViewState":{"showFog":true,"showMaterialUpdate":false,"showSkybox":false,"showFlares":true,"showImageEffects":true,"showParticleSystems":true},"in2DMode":false,"pivot":{"x":0.23300457000732423,"y":1.8391156196594239,"z":-0.6182905435562134},"rotation":{"x":-0.0013158578658476472,"y":0.9978147149085999,"z":0.020956743508577348,"w":0.06264932453632355},"size":2.1791884899139406,"orthographic":false}