{"cameraMode":{"drawMode":0,"name":"Shaded","section":"Shading Mode"},"sceneLighting":false,"audioPlay":false,"sceneViewState":{"showFog":true,"showMaterialUpdate":false,"showSkybox":false,"showFlares":true,"showImageEffects":true,"showParticleSystems":true},"in2DMode":false,"pivot":{"x":6.44185733795166,"y":0.6751839518547058,"z":-11.326009750366211},"rotation":{"x":0.004087795969098806,"y":0.9916196465492249,"z":0.03242083638906479,"w":-0.12499105930328369},"size":9.084718704223633,"orthographic":false}