{"cameraMode":{"drawMode":0,"name":"Shaded","section":"Shading Mode"},"sceneLighting":false,"audioPlay":false,"sceneViewState":{"showFog":true,"showMaterialUpdate":false,"showSkybox":true,"showFlares":true,"showImageEffects":true,"showParticleSystems":true},"in2DMode":false,"pivot":{"x":0.0,"y":-0.0322762094438076,"z":-0.015598595142364502},"rotation":{"x":0.0031002131290733816,"y":0.9967098832130432,"z":-0.04669000208377838,"w":0.0661802664399147},"size":1.5281660556793213,"orthographic":false}