{"cameraMode":{"drawMode":0,"name":"Shaded","section":"Shading Mode"},"sceneLighting":false,"audioPlay":false,"sceneViewState":{"showFog":true,"showMaterialUpdate":false,"showSkybox":true,"showFlares":true,"showImageEffects":true,"showParticleSystems":true},"in2DMode":false,"pivot":{"x":-0.059304893016815189,"y":1.4465893507003785,"z":0.13942992687225343},"rotation":{"x":-0.014423648826777935,"y":0.8908001184463501,"z":-0.028345730155706407,"w":-0.453281044960022},"size":2.041292905807495,"orthographic":false}