{"cameraMode":{"drawMode":0,"name":"Shaded","section":"Shading Mode"},"sceneLighting":false,"audioPlay":false,"sceneViewState":{"showFog":true,"showMaterialUpdate":false,"showSkybox":false,"showFlares":true,"showImageEffects":true,"showParticleSystems":true},"in2DMode":false,"pivot":{"x":0.07265834510326386,"y":2.184572458267212,"z":-5.458034515380859},"rotation":{"x":0.0005388262798078358,"y":-0.9983766674995422,"z":-0.056143637746572497,"w":-0.009579326957464219},"size":6.718496799468994,"orthographic":false}